id,model,seed,date,prompt
pilot-car-topdown-kestrel,model_bfl-flux-2-pro-editing,,2026-07-20T22:39:38.229Z,"orthographic top-down view of a compact 2000s Japanese economy hatchback, medium steel blue #4f8edc paint, sponsor-less, nose pointing up, full car visible and centered, even neutral overhead lighting, crisp silhouette, video game sprite, plain background"
pilot-license-badge-b,model_ideogram-v3-generate-transparent,,2026-07-20T22:40:05.286Z,"heraldic racing license badge, letter-free bronze shield emblem with laurel wreath detail, flat premium emblem style, deep navy and bronze palette, isolated on plain background, game UI asset, no text"
pilot-portrait-ace,model_bfl-flux-2-pro-editing,,2026-07-20T22:40:32.272Z,"professional portrait of a veteran racing driver in his 40s, dark navy racing suit with gold trim, confident calm expression, studio headshot chest-up, soft key light, dark neutral background, motorsport team photo style"
pilot-tile-asphalt,model_bfl-flux-2-dev,,2026-07-20T22:41:45.042Z,"seamless tileable texture, worn race track asphalt with fine aggregate detail and faint tire rubber lines, top-down orthographic, even diffuse lighting, no vignette, no markings, photorealistic game texture"
pilot-car-studio-kestrel,model_bfl-flux-2-pro-editing,,2026-07-20T22:42:30.187Z,"professional game asset, Gran Turismo era broadcast aesthetic, compact 2000s Japanese economy hatchback, medium steel blue #4f8edc paint, sponsor-less, three-quarter front studio shot, soft key light with subtle gold rim light, dark navy studio background, clean showroom quality"
pilot-car-studio-kestrel,model_bfl-flux-2-pro-editing,,2026-07-20T22:44:20.721Z,"professional game asset, Gran Turismo era broadcast aesthetic, compact 2000s Japanese economy hatchback, medium steel blue #4f8edc paint, completely debadged with no manufacturer emblem and no license plate, three-quarter front studio shot, soft key light with subtle gold rim light, plain light gray studio background, clean showroom quality"
pilot-car-topdown-kestrel,model_bfl-flux-2-pro-editing,,2026-07-20T22:44:40.542Z,"orthographic top-down view of a compact 2000s Japanese economy hatchback, medium steel blue #4f8edc paint, completely debadged, no license plate, nose pointing up, full car visible and centered, even neutral overhead lighting, crisp silhouette, video game sprite, plain white background"
pilot-license-badge-b,model_ideogram-v3-generate-transparent,,2026-07-20T22:44:57.380Z,"heraldic racing license badge, letter-free bronze shield emblem with laurel wreath detail, flat premium emblem style, deep navy and bronze palette, isolated on plain background, game UI asset, no text"
pilot-portrait-ace,model_bfl-flux-2-pro-editing,,2026-07-20T22:45:15.778Z,"professional portrait of a veteran racing driver in his 40s, plain dark navy racing suit with gold trim and no sponsor patches or logos, confident calm expression, studio headshot chest-up, soft key light, plain light gray background, motorsport team photo style"
car-topdown-vulpe,model_bfl-flux-2-pro-editing,,2026-07-20T22:55:57.023Z,"orthographic top-down view of a sporty 2000s European three-door hot hatch, bright rally red #d84a3a paint, completely debadged with no manufacturer emblem and no license plate, nose pointing up, full car visible and centered, even neutral overhead lighting, crisp silhouette, video game sprite, plain white background"
car-studio-taro,model_bfl-flux-2-pro-editing,,2026-07-20T22:55:57.330Z,"professional game asset, Gran Turismo era broadcast aesthetic, deep navy and gold palette, sleek 2000s Japanese sport compact coupe, warm champagne gold #e8b93c paint, completely debadged with no manufacturer emblem and no license plate, three-quarter front studio shot, soft key light with subtle gold rim light, plain light gray studio background, clean showroom quality"
car-topdown-taro,model_bfl-flux-2-pro-editing,,2026-07-20T22:55:58.254Z,"orthographic top-down view of a sleek 2000s Japanese sport compact coupe, warm champagne gold #e8b93c paint, completely debadged with no manufacturer emblem and no license plate, nose pointing up, full car visible and centered, even neutral overhead lighting, crisp silhouette, video game sprite, plain white background"
car-studio-falcon,model_bfl-flux-2-pro-editing,,2026-07-20T22:56:07.144Z,"professional game asset, Gran Turismo era broadcast aesthetic, deep navy and gold palette, 2000s Japanese turbocharged sports sedan with subtle rear wing, deep royal blue #3f74e8 paint, completely debadged with no manufacturer emblem and no license plate, three-quarter front studio shot, soft key light with subtle gold rim light, plain light gray studio background, clean showroom quality"
car-topdown-falcon,model_bfl-flux-2-pro-editing,,2026-07-20T22:56:17.895Z,"orthographic top-down view of a 2000s Japanese turbocharged sports sedan with subtle rear wing, deep royal blue #3f74e8 paint, completely debadged with no manufacturer emblem and no license plate, nose pointing up, full car visible and centered, even neutral overhead lighting, crisp silhouette, video game sprite, plain white background"
car-topdown-serval,model_bfl-flux-2-pro-editing,,2026-07-20T22:56:18.691Z,"orthographic top-down view of a lightweight 2000s Japanese two-seater roadster, soft top down, racing green #48b06a paint, completely debadged with no manufacturer emblem and no license plate, nose pointing up, full car visible and centered, even neutral overhead lighting, crisp silhouette, video game sprite, plain white background"
car-studio-serval,model_bfl-flux-2-pro-editing,,2026-07-20T22:56:19.056Z,"professional game asset, Gran Turismo era broadcast aesthetic, deep navy and gold palette, lightweight 2000s Japanese two-seater roadster, soft top down, racing green #48b06a paint, completely debadged with no manufacturer emblem and no license plate, three-quarter front studio shot, soft key light with subtle gold rim light, plain light gray studio background, clean showroom quality"
car-studio-kite,model_bfl-flux-2-pro-editing,,2026-07-20T22:56:22.454Z,"professional game asset, Gran Turismo era broadcast aesthetic, deep navy and gold palette, 2000s Japanese AWD rally homologation turbo coupe with hood scoop, vivid violet #8455c8 paint, completely debadged with no manufacturer emblem and no license plate, three-quarter front studio shot, soft key light with subtle gold rim light, plain light gray studio background, clean showroom quality"
car-topdown-kite,model_bfl-flux-2-pro-editing,,2026-07-20T22:56:38.739Z,"orthographic top-down view of a 2000s Japanese AWD rally homologation turbo coupe with hood scoop, vivid violet #8455c8 paint, completely debadged with no manufacturer emblem and no license plate, nose pointing up, full car visible and centered, even neutral overhead lighting, crisp silhouette, video game sprite, plain white background"
car-topdown-phantom,model_bfl-flux-2-pro-editing,,2026-07-20T22:56:39.838Z,"orthographic top-down view of a wide-body 2000s Japanese GT500-style super coupe, low and aggressive, gloss black #20242c paint, completely debadged with no manufacturer emblem and no license plate, nose pointing up, full car visible and centered, even neutral overhead lighting, crisp silhouette, video game sprite, plain white background"
tile-ground-meadow,model_bfl-flux-2-pro-editing,,2026-07-20T22:56:43.700Z,"seamless tileable texture, green countryside meadow grass with small wildflowers, top-down orthographic, even diffuse lighting, no vignette, photorealistic game texture"
car-topdown-arrow,model_bfl-flux-2-pro-editing,,2026-07-20T22:56:44.407Z,"orthographic top-down view of a open-cockpit Le Mans style racing prototype with large rear wing, pearl white and silver #e2e6ee paint, completely debadged with no manufacturer emblem and no license plate, nose pointing up, full car visible and centered, even neutral overhead lighting, crisp silhouette, video game sprite, plain white background"
tile-asphalt-meadow,model_bfl-flux-2-pro-editing,,2026-07-20T22:56:54.757Z,"seamless tileable texture, worn race track asphalt with fine aggregate and faint rubber lines, top-down orthographic, even diffuse lighting, no vignette, photorealistic game texture"
tile-ground-forest-mountain,model_bfl-flux-2-pro-editing,,2026-07-20T22:56:55.427Z,"seamless tileable texture, alpine forest floor, pine needles and mossy rock, top-down orthographic, even diffuse lighting, no vignette, photorealistic game texture"
tile-ground-speedway,model_bfl-flux-2-pro-editing,,2026-07-20T22:56:55.616Z,"seamless tileable texture, trimmed infield lawn with dry patches, american speedway, top-down orthographic, even diffuse lighting, no vignette, photorealistic game texture"
tile-asphalt-forest-mountain,model_bfl-flux-2-pro-editing,,2026-07-20T22:56:58.702Z,"seamless tileable texture, worn race track asphalt with fine aggregate and faint rubber lines, top-down orthographic, even diffuse lighting, no vignette, photorealistic game texture"
tile-asphalt-city,model_bfl-flux-2-pro-editing,,2026-07-20T22:57:07.008Z,"seamless tileable texture, worn race track asphalt with fine aggregate and faint rubber lines, top-down orthographic, even diffuse lighting, no vignette, photorealistic game texture"
tile-ground-city,model_bfl-flux-2-pro-editing,,2026-07-20T22:57:07.561Z,"seamless tileable texture, urban concrete and paving stones, city street surroundings, top-down orthographic, even diffuse lighting, no vignette, photorealistic game texture"
tile-asphalt-speedway,model_bfl-flux-2-pro-editing,,2026-07-20T22:57:09.417Z,"seamless tileable texture, worn race track asphalt with fine aggregate and faint rubber lines, top-down orthographic, even diffuse lighting, no vignette, photorealistic game texture"
tile-ground-classic-gp,model_bfl-flux-2-pro-editing,,2026-07-20T22:57:09.443Z,"seamless tileable texture, manicured grand prix circuit lawn with white-painted edge zones, top-down orthographic, even diffuse lighting, no vignette, photorealistic game texture"
tile-asphalt-dirt,model_bfl-flux-2-pro-editing,,2026-07-20T22:57:19.399Z,"seamless tileable texture, compacted gravel rally road surface, top-down orthographic, even diffuse lighting, no vignette, photorealistic game texture"
tile-runoff,model_bfl-flux-2-pro-editing,,2026-07-20T22:57:20.344Z,"seamless tileable texture, light gray runoff tarmac with drainage grooves, top-down orthographic, even diffuse lighting, no vignette, photorealistic game texture"
tile-curb,model_bfl-flux-2-pro-editing,,2026-07-20T22:57:24.097Z,"seamless tileable texture, red and white striped race track curb, repeating pattern, straight strip, top-down orthographic, even diffuse lighting, no vignette, photorealistic game texture"
tile-dirt-road,model_bfl-flux-2-pro-editing,,2026-07-20T22:57:35.314Z,"seamless tileable texture, loose brown gravel road surface, top-down orthographic, even diffuse lighting, no vignette, photorealistic game texture"
logo-main,model_ideogram-v3-generate-transparent,,2026-07-20T22:57:39.336Z,"premium racing game logo, the wordmark 'B-SPEC' in bold condensed metallic gold letters with thin silver outline, small subtitle 'RACE DIRECTOR' beneath in silver capitals, subtle chevron emblem to the left, dark navy and gold palette, broadcast television aesthetic, on transparent background"
logo-mark,model_ideogram-v3-generate-transparent,,2026-07-20T22:57:43.005Z,"minimal emblem mark for a racing management game, two overlapping forward chevrons forming motion, metallic gold on transparent, thin silver accent line, premium broadcast style, no text"
tile-ground-dirt,model_bfl-flux-2-pro-editing,,2026-07-20T22:57:47.120Z,"seamless tileable texture, dry cracked dirt and sand, rally park terrain, top-down orthographic, even diffuse lighting, no vignette, photorealistic game texture"
icon-credits,model_ideogram-v3-generate-transparent,,2026-07-20T22:57:55.389Z,"flat minimal game UI icon of stack of gold coins, single weight geometric line-and-fill, dark metallic gold #C9A54A with heavier solid fill, subtle silver accent, premium motorsport broadcast style, centered, no text"
icon-pp,model_ideogram-v3-generate-transparent,,2026-07-20T22:57:57.758Z,"flat minimal game UI icon of circular performance gauge dial, single weight geometric line-and-fill, dark metallic gold #C9A54A with heavier solid fill, subtle silver accent, premium motorsport broadcast style, centered, no text"
icon-laps,model_ideogram-v3-generate-transparent,,2026-07-20T22:57:59.062Z,"flat minimal game UI icon of circuit loop with checkered flag, single weight geometric line-and-fill, dark metallic gold #C9A54A with heavier solid fill, subtle silver accent, premium motorsport broadcast style, centered, no text"
icon-fuel,model_ideogram-v3-generate-transparent,,2026-07-20T22:58:01.667Z,"flat minimal game UI icon of fuel pump nozzle, single weight geometric line-and-fill, dark metallic gold #C9A54A with heavier solid fill, subtle silver accent, premium motorsport broadcast style, centered, no text"
icon-morale,model_ideogram-v3-generate-transparent,,2026-07-20T22:58:14.704Z,"flat minimal game UI icon of rising star, single weight geometric line-and-fill, dark metallic gold #C9A54A with heavier solid fill, subtle silver accent, premium motorsport broadcast style, centered, no text"
icon-fatigue,model_ideogram-v3-generate-transparent,,2026-07-20T22:58:14.908Z,"flat minimal game UI icon of racing helmet with sweat drop, single weight geometric line-and-fill, dark metallic gold #C9A54A with heavier solid fill, subtle silver accent, premium motorsport broadcast style, centered, no text"
icon-overtake,model_ideogram-v3-generate-transparent,,2026-07-20T22:58:17.242Z,"flat minimal game UI icon of two arrows overtaking, single weight geometric line-and-fill, dark metallic gold #C9A54A with heavier solid fill, subtle silver accent, premium motorsport broadcast style, centered, no text"
icon-pace,model_ideogram-v3-generate-transparent,,2026-07-20T22:58:18.229Z,"flat minimal game UI icon of speedometer needle at redline, single weight geometric line-and-fill, dark metallic gold #C9A54A with heavier solid fill, subtle silver accent, premium motorsport broadcast style, centered, no text"
icon-audio-off,model_ideogram-v3-generate-transparent,,2026-07-20T22:58:33.659Z,"flat minimal game UI icon of muted speaker with slash, single weight geometric line-and-fill, dark metallic gold #C9A54A with heavier solid fill, subtle silver accent, premium motorsport broadcast style, centered, no text"
icon-speed,model_ideogram-v3-generate-transparent,,2026-07-20T22:58:34.136Z,"flat minimal game UI icon of fast forward chevrons, single weight geometric line-and-fill, dark metallic gold #C9A54A with heavier solid fill, subtle silver accent, premium motorsport broadcast style, centered, no text"
icon-pit,model_ideogram-v3-generate-transparent,,2026-07-20T22:58:35.741Z,"flat minimal game UI icon of crossed wrench and tire, single weight geometric line-and-fill, dark metallic gold #C9A54A with heavier solid fill, subtle silver accent, premium motorsport broadcast style, centered, no text"
icon-audio-on,model_ideogram-v3-generate-transparent,,2026-07-20T22:58:37.580Z,"flat minimal game UI icon of speaker with sound waves, single weight geometric line-and-fill, dark metallic gold #C9A54A with heavier solid fill, subtle silver accent, premium motorsport broadcast style, centered, no text"
icon-back,model_ideogram-v3-generate-transparent,,2026-07-20T22:58:49.132Z,"flat minimal game UI icon of left-pointing chevron arrow, single weight geometric line-and-fill, dark metallic gold #C9A54A with heavier solid fill, subtle silver accent, premium motorsport broadcast style, centered, no text"
icon-settings,model_ideogram-v3-generate-transparent,,2026-07-20T22:58:49.906Z,"flat minimal game UI icon of gear cog, single weight geometric line-and-fill, dark metallic gold #C9A54A with heavier solid fill, subtle silver accent, premium motorsport broadcast style, centered, no text"
icon-save,model_ideogram-v3-generate-transparent,,2026-07-20T22:58:54.913Z,"flat minimal game UI icon of floppy disk, single weight geometric line-and-fill, dark metallic gold #C9A54A with heavier solid fill, subtle silver accent, premium motorsport broadcast style, centered, no text"
icon-lock,model_ideogram-v3-generate-transparent,,2026-07-20T22:59:01.287Z,"flat minimal game UI icon of closed padlock, single weight geometric line-and-fill, dark metallic gold #C9A54A with heavier solid fill, subtle silver accent, premium motorsport broadcast style, centered, no text"
icon-check,model_ideogram-v3-generate-transparent,,2026-07-20T22:59:09.426Z,"flat minimal game UI icon of bold checkmark, single weight geometric line-and-fill, dark metallic gold #C9A54A with heavier solid fill, subtle silver accent, premium motorsport broadcast style, centered, no text"
icon-warning,model_ideogram-v3-generate-transparent,,2026-07-20T22:59:09.530Z,"flat minimal game UI icon of warning triangle, single weight geometric line-and-fill, dark metallic gold #C9A54A with heavier solid fill, subtle silver accent, premium motorsport broadcast style, centered, no text"
icon-info,model_ideogram-v3-generate-transparent,,2026-07-20T22:59:15.874Z,"flat minimal game UI icon of information circle, single weight geometric line-and-fill, dark metallic gold #C9A54A with heavier solid fill, subtle silver accent, premium motorsport broadcast style, centered, no text"
icon-home,model_ideogram-v3-generate-transparent,,2026-07-20T22:59:21.468Z,"flat minimal game UI icon of garage building facade, single weight geometric line-and-fill, dark metallic gold #C9A54A with heavier solid fill, subtle silver accent, premium motorsport broadcast style, centered, no text"
icon-garage,model_ideogram-v3-generate-transparent,,2026-07-20T22:59:23.998Z,"flat minimal game UI icon of car under a roof, single weight geometric line-and-fill, dark metallic gold #C9A54A with heavier solid fill, subtle silver accent, premium motorsport broadcast style, centered, no text"
icon-dealership,model_ideogram-v3-generate-transparent,,2026-07-20T22:59:27.672Z,"flat minimal game UI icon of car with price tag, single weight geometric line-and-fill, dark metallic gold #C9A54A with heavier solid fill, subtle silver accent, premium motorsport broadcast style, centered, no text"
icon-driver,model_ideogram-v3-generate-transparent,,2026-07-20T22:59:30.465Z,"flat minimal game UI icon of classic racing helmet, single weight geometric line-and-fill, dark metallic gold #C9A54A with heavier solid fill, subtle silver accent, premium motorsport broadcast style, centered, no text"
icon-freerace,model_ideogram-v3-generate-transparent,,2026-07-20T22:59:39.640Z,"flat minimal game UI icon of steering wheel, single weight geometric line-and-fill, dark metallic gold #C9A54A with heavier solid fill, subtle silver accent, premium motorsport broadcast style, centered, no text"
icon-events,model_ideogram-v3-generate-transparent,,2026-07-20T22:59:40.921Z,"flat minimal game UI icon of calendar page with flag, single weight geometric line-and-fill, dark metallic gold #C9A54A with heavier solid fill, subtle silver accent, premium motorsport broadcast style, centered, no text"
icon-trophy,model_ideogram-v3-generate-transparent,,2026-07-20T22:59:45.955Z,"flat minimal game UI icon of race winner trophy cup, single weight geometric line-and-fill, dark metallic gold #C9A54A with heavier solid fill, subtle silver accent, premium motorsport broadcast style, centered, no text"
icon-retire,model_ideogram-v3-generate-transparent,,2026-07-20T22:59:46.637Z,"flat minimal game UI icon of exit door with flag, single weight geometric line-and-fill, dark metallic gold #C9A54A with heavier solid fill, subtle silver accent, premium motorsport broadcast style, centered, no text"
icon-calendar,model_ideogram-v3-generate-transparent,,2026-07-20T22:59:58.924Z,"flat minimal game UI icon of calendar page, single weight geometric line-and-fill, dark metallic gold #C9A54A with heavier solid fill, subtle silver accent, premium motorsport broadcast style, centered, no text"
icon-stopwatch,model_ideogram-v3-generate-transparent,,2026-07-20T22:59:59.227Z,"flat minimal game UI icon of chronograph stopwatch, single weight geometric line-and-fill, dark metallic gold #C9A54A with heavier solid fill, subtle silver accent, premium motorsport broadcast style, centered, no text"
car-studio-vulpe,model_bfl-flux-2-pro-editing,,2026-07-20T23:00:43.181Z,"professional game asset, Gran Turismo era broadcast aesthetic, deep navy and gold palette, sporty 2000s European three-door hot hatch, bright rally red #d84a3a paint, completely debadged with no manufacturer emblem and no license plate, three-quarter front studio shot, soft key light with subtle gold rim light, plain light gray studio background, clean showroom quality"
car-studio-phantom,model_bfl-flux-2-pro-editing,,2026-07-20T23:01:23.573Z,"professional game asset, Gran Turismo era broadcast aesthetic, deep navy and gold palette, wide-body 2000s Japanese flagship super coupe race car, very low and aggressive stance, gloss black #20242c paint, completely debadged with no manufacturer emblem and no license plate, three-quarter front studio shot, soft key light with subtle gold rim light, plain light gray studio background, clean showroom quality"
car-studio-arrow,model_bfl-flux-2-pro-editing,,2026-07-20T23:01:23.783Z,"professional game asset, Gran Turismo era broadcast aesthetic, deep navy and gold palette, open-cockpit endurance racing prototype car with large rear wing and covered wheels, pearl white and silver #e2e6ee paint, completely debadged with no manufacturer emblem and no license plate, three-quarter front studio shot, soft key light with subtle gold rim light, plain light gray studio background, clean showroom quality"
car-studio-arrow,model_bfl-flux-2-pro-editing,,2026-07-20T23:02:34.938Z,"professional game asset, Gran Turismo era broadcast aesthetic, deep navy and gold palette, open-cockpit endurance racing prototype car with large rear wing and covered wheels, pearl white and silver #e2e6ee paint, completely clean bodywork with zero decals or stickers, completely debadged with no manufacturer emblem and no license plate, three-quarter front studio shot, soft key light with subtle gold rim light, plain light gray studio background, clean showroom quality"
portrait-miller,model_bfl-flux-2-pro-editing,,2026-07-20T23:04:51.104Z,"professional portrait of a sharp-jawed racing driver in his early 20s, plain dark navy racing suit with steel blue trim and no sponsor patches, confident expression, studio headshot chest-up, soft key light, plain light gray background, motorsport team photo style"
portrait-sato,model_bfl-flux-2-pro-editing,,2026-07-20T23:04:51.509Z,"professional portrait of a round-faced friendly racing driver in his early 20s, plain dark navy racing suit with steel blue trim and no sponsor patches, confident expression, studio headshot chest-up, soft key light, plain light gray background, motorsport team photo style"
portrait-rossi,model_bfl-flux-2-pro-editing,,2026-07-20T23:04:53.809Z,"professional portrait of a broad-shouldered stocky racing driver in his early 20s, plain dark navy racing suit with steel blue trim and no sponsor patches, confident expression, studio headshot chest-up, soft key light, plain light gray background, motorsport team photo style"
portrait-weber,model_bfl-flux-2-pro-editing,,2026-07-20T23:04:53.823Z,"professional portrait of a lean weathered racing driver in his early 20s, plain dark navy racing suit with steel blue trim and no sponsor patches, confident expression, studio headshot chest-up, soft key light, plain light gray background, motorsport team photo style"
portrait-tanaka,model_bfl-flux-2-pro-editing,,2026-07-20T23:05:08.244Z,"professional portrait of a youthful energetic racing driver in his early 20s, plain dark navy racing suit with steel blue trim and no sponsor patches, confident expression, studio headshot chest-up, soft key light, plain light gray background, motorsport team photo style"
portrait-lindqvist,model_bfl-flux-2-pro-editing,,2026-07-20T23:05:08.629Z,"professional portrait of a silver-templed distinguished racing driver in his early 20s, plain dark navy racing suit with steel blue trim and no sponsor patches, confident expression, studio headshot chest-up, soft key light, plain light gray background, motorsport team photo style"
portrait-okafor,model_bfl-flux-2-pro-editing,,2026-07-20T23:05:09.570Z,"professional portrait of a sharp-jawed racing driver in his 30s, plain dark navy racing suit with silver trim and no sponsor patches, confident expression, studio headshot chest-up, soft key light, plain light gray background, motorsport team photo style"
portrait-dubois,model_bfl-flux-2-pro-editing,,2026-07-20T23:05:13.525Z,"professional portrait of a focused intense racing driver in his early 20s, plain dark navy racing suit with steel blue trim and no sponsor patches, confident expression, studio headshot chest-up, soft key light, plain light gray background, motorsport team photo style"
portrait-novak,model_bfl-flux-2-pro-editing,,2026-07-20T23:05:29.808Z,"professional portrait of a round-faced friendly racing driver in his 30s, plain dark navy racing suit with silver trim and no sponsor patches, confident expression, studio headshot chest-up, soft key light, plain light gray background, motorsport team photo style"
portrait-kim,model_bfl-flux-2-pro-editing,,2026-07-20T23:05:30.153Z,"professional portrait of a broad-shouldered stocky racing driver in his 30s, plain dark navy racing suit with silver trim and no sponsor patches, confident expression, studio headshot chest-up, soft key light, plain light gray background, motorsport team photo style"
portrait-reyes,model_bfl-flux-2-pro-editing,,2026-07-20T23:05:30.417Z,"professional portrait of a lean weathered racing driver in his 30s, plain dark navy racing suit with silver trim and no sponsor patches, confident expression, studio headshot chest-up, soft key light, plain light gray background, motorsport team photo style"
portrait-bauer,model_bfl-flux-2-pro-editing,,2026-07-20T23:05:31.103Z,"professional portrait of a youthful energetic racing driver in his 30s, plain dark navy racing suit with silver trim and no sponsor patches, confident expression, studio headshot chest-up, soft key light, plain light gray background, motorsport team photo style"
portrait-yamada,model_bfl-flux-2-pro-editing,,2026-07-20T23:05:47.547Z,"professional portrait of a focused intense racing driver in his 30s, plain dark navy racing suit with silver trim and no sponsor patches, confident expression, studio headshot chest-up, soft key light, plain light gray background, motorsport team photo style"
portrait-vasseur,model_bfl-flux-2-pro-editing,,2026-07-20T23:05:47.804Z,"professional portrait of a sharp-jawed racing driver in his 40s, plain dark navy racing suit with gold trim and no sponsor patches, confident expression, studio headshot chest-up, soft key light, plain light gray background, motorsport team photo style"
portrait-kowalski,model_bfl-flux-2-pro-editing,,2026-07-20T23:05:47.902Z,"professional portrait of a round-faced friendly racing driver in his 40s, plain dark navy racing suit with gold trim and no sponsor patches, confident expression, studio headshot chest-up, soft key light, plain light gray background, motorsport team photo style"
portrait-costa,model_bfl-flux-2-pro-editing,,2026-07-20T23:05:50.324Z,"professional portrait of a silver-templed distinguished racing driver in his 30s, plain dark navy racing suit with silver trim and no sponsor patches, confident expression, studio headshot chest-up, soft key light, plain light gray background, motorsport team photo style"
portrait-nakamura,model_bfl-flux-2-pro-editing,,2026-07-20T23:06:07.950Z,"professional portrait of a silver-templed distinguished racing driver in his 40s, plain dark navy racing suit with gold trim and no sponsor patches, confident expression, studio headshot chest-up, soft key light, plain light gray background, motorsport team photo style"
portrait-fontaine,model_bfl-flux-2-pro-editing,,2026-07-20T23:06:09.006Z,"professional portrait of a youthful energetic racing driver in his 40s, plain dark navy racing suit with gold trim and no sponsor patches, confident expression, studio headshot chest-up, soft key light, plain light gray background, motorsport team photo style"
portrait-ibarra,model_bfl-flux-2-pro-editing,,2026-07-20T23:06:09.009Z,"professional portrait of a lean weathered racing driver in his 40s, plain dark navy racing suit with gold trim and no sponsor patches, confident expression, studio headshot chest-up, soft key light, plain light gray background, motorsport team photo style"
portrait-schmidt,model_bfl-flux-2-pro-editing,,2026-07-20T23:06:11.273Z,"professional portrait of a broad-shouldered stocky racing driver in his 40s, plain dark navy racing suit with gold trim and no sponsor patches, confident expression, studio headshot chest-up, soft key light, plain light gray background, motorsport team photo style"
license-ic,model_ideogram-v3-generate-transparent,,2026-07-20T23:06:26.292Z,"heraldic racing license badge, letter-free shield emblem in rich gold, laurel wreath detail, flat premium emblem style, deep navy accents, game UI asset, no text"
license-ia,model_ideogram-v3-generate-transparent,,2026-07-20T23:06:26.755Z,"heraldic racing license badge, letter-free shield emblem in platinum with blue inlay, laurel wreath detail, flat premium emblem style, deep navy accents, game UI asset, no text"
portrait-hale,model_bfl-flux-2-pro-editing,,2026-07-20T23:06:26.799Z,"professional portrait of a focused intense racing driver in his 40s, plain dark navy racing suit with gold trim and no sponsor patches, confident expression, studio headshot chest-up, soft key light, plain light gray background, motorsport team photo style"
license-a,model_ideogram-v3-generate-transparent,,2026-07-20T23:06:28.937Z,"heraldic racing license badge, letter-free shield emblem in polished silver, laurel wreath detail, flat premium emblem style, deep navy accents, game UI asset, no text"
medal-gold,model_ideogram-v3-generate-transparent,,2026-07-20T23:06:43.194Z,"flat minimal game UI icon of round gold race medal with ribbon, gold metal finish, single weight geometric line-and-fill, dark metallic gold #C9A54A with heavier solid fill, subtle silver accent, premium motorsport broadcast style, centered, no text"
medal-bronze,model_ideogram-v3-generate-transparent,,2026-07-20T23:06:44.649Z,"flat minimal game UI icon of round bronze race medal with ribbon, bronze metal finish, single weight geometric line-and-fill, dark metallic gold #C9A54A with heavier solid fill, subtle silver accent, premium motorsport broadcast style, centered, no text"
license-s,model_ideogram-v3-generate-transparent,,2026-07-20T23:06:45.894Z,"heraldic racing license badge, letter-free shield emblem in black and gold with laurel crown, laurel wreath detail, flat premium emblem style, deep navy accents, game UI asset, no text"
medal-silver,model_ideogram-v3-generate-transparent,,2026-07-20T23:06:46.683Z,"flat minimal game UI icon of round silver race medal with ribbon, silver metal finish, single weight geometric line-and-fill, dark metallic gold #C9A54A with heavier solid fill, subtle silver accent, premium motorsport broadcast style, centered, no text"
icon-part-power-1,model_ideogram-v3-generate-transparent,,2026-07-20T23:06:59.944Z,"flat minimal game UI icon of engine control unit chip, single weight geometric line-and-fill, dark metallic gold #C9A54A with heavier solid fill, subtle silver accent, premium motorsport broadcast style, centered, no text"
icon-part-power-2,model_ideogram-v3-generate-transparent,,2026-07-20T23:07:00.218Z,"flat minimal game UI icon of turbocharger snail housing, single weight geometric line-and-fill, dark metallic gold #C9A54A with heavier solid fill, subtle silver accent, premium motorsport broadcast style, centered, no text"
icon-part-weight-1,model_ideogram-v3-generate-transparent,,2026-07-20T23:07:03.104Z,"flat minimal game UI icon of feather over car panel, single weight geometric line-and-fill, dark metallic gold #C9A54A with heavier solid fill, subtle silver accent, premium motorsport broadcast style, centered, no text"
icon-part-power-3,model_ideogram-v3-generate-transparent,,2026-07-20T23:07:06.603Z,"flat minimal game UI icon of full racing engine block, single weight geometric line-and-fill, dark metallic gold #C9A54A with heavier solid fill, subtle silver accent, premium motorsport broadcast style, centered, no text"
icon-part-tires-1,model_ideogram-v3-generate-transparent,,2026-07-20T23:07:16.768Z,"flat minimal game UI icon of sports tire with tread, single weight geometric line-and-fill, dark metallic gold #C9A54A with heavier solid fill, subtle silver accent, premium motorsport broadcast style, centered, no text"
icon-part-weight-2,model_ideogram-v3-generate-transparent,,2026-07-20T23:07:17.228Z,"flat minimal game UI icon of stripped roll cage, single weight geometric line-and-fill, dark metallic gold #C9A54A with heavier solid fill, subtle silver accent, premium motorsport broadcast style, centered, no text"
icon-part-tires-2,model_ideogram-v3-generate-transparent,,2026-07-20T23:07:19.093Z,"flat minimal game UI icon of racing slick tire, single weight geometric line-and-fill, dark metallic gold #C9A54A with heavier solid fill, subtle silver accent, premium motorsport broadcast style, centered, no text"
icon-part-aero-1,model_ideogram-v3-generate-transparent,,2026-07-20T23:07:22.243Z,"flat minimal game UI icon of rear wing spoiler, single weight geometric line-and-fill, dark metallic gold #C9A54A with heavier solid fill, subtle silver accent, premium motorsport broadcast style, centered, no text"
icon-partcat-power,model_ideogram-v3-generate-transparent,,2026-07-20T23:07:34.644Z,"flat minimal game UI icon of engine block, single weight geometric line-and-fill, dark metallic gold #C9A54A with heavier solid fill, subtle silver accent, premium motorsport broadcast style, centered, no text"
icon-partcat-weight,model_ideogram-v3-generate-transparent,,2026-07-20T23:07:35.006Z,"flat minimal game UI icon of weight scale, single weight geometric line-and-fill, dark metallic gold #C9A54A with heavier solid fill, subtle silver accent, premium motorsport broadcast style, centered, no text"
icon-part-gearbox-1,model_ideogram-v3-generate-transparent,,2026-07-20T23:07:37.483Z,"flat minimal game UI icon of gear shift knob with gate, single weight geometric line-and-fill, dark metallic gold #C9A54A with heavier solid fill, subtle silver accent, premium motorsport broadcast style, centered, no text"
icon-partcat-tires,model_ideogram-v3-generate-transparent,,2026-07-20T23:07:43.456Z,"flat minimal game UI icon of tire, single weight geometric line-and-fill, dark metallic gold #C9A54A with heavier solid fill, subtle silver accent, premium motorsport broadcast style, centered, no text"
icon-partcat-gearbox,model_ideogram-v3-generate-transparent,,2026-07-20T23:07:51.227Z,"flat minimal game UI icon of gear cog pair, single weight geometric line-and-fill, dark metallic gold #C9A54A with heavier solid fill, subtle silver accent, premium motorsport broadcast style, centered, no text"
icon-partcat-aero,model_ideogram-v3-generate-transparent,,2026-07-20T23:07:51.735Z,"flat minimal game UI icon of aerodynamic wing, single weight geometric line-and-fill, dark metallic gold #C9A54A with heavier solid fill, subtle silver accent, premium motorsport broadcast style, centered, no text"
flag-green,model_ideogram-v3-generate-transparent,,2026-07-20T23:07:53.124Z,"flat minimal game UI icon of waving green racing flag on pole, single weight geometric line-and-fill, dark metallic gold #C9A54A with heavier solid fill, subtle silver accent, premium motorsport broadcast style, centered, no text"
flag-checkered,model_ideogram-v3-generate-transparent,,2026-07-20T23:08:00.798Z,"flat minimal game UI icon of waving checkered racing flag on pole, single weight geometric line-and-fill, dark metallic gold #C9A54A with heavier solid fill, subtle silver accent, premium motorsport broadcast style, centered, no text"
flag-yellow,model_ideogram-v3-generate-transparent,,2026-07-20T23:08:13.097Z,"flat minimal game UI icon of waving yellow caution flag on pole, single weight geometric line-and-fill, dark metallic gold #C9A54A with heavier solid fill, subtle silver accent, premium motorsport broadcast style, centered, no text"
start-lights,model_ideogram-v3-generate-transparent,,2026-07-20T23:08:13.645Z,"flat minimal game UI icon of race start light gantry with five lights, single weight geometric line-and-fill, dark metallic gold #C9A54A with heavier solid fill, subtle silver accent, premium motorsport broadcast style, centered, no text"
pt-plain,model_bfl-flux-2-pro-editing,,2026-07-20T23:09:35.808Z,"large oak tree, viewed from high angle 60 degrees, game map object, overcast daylight, isolated subject on plain light background"
pt-nogt,model_bfl-flux-2-pro-editing,,2026-07-20T23:09:37.908Z,"professional game asset, classic 2000s racing game broadcast aesthetic, deep navy and gold palette, large oak tree, viewed from high angle 60 degrees, game map object, consistent overcast daylight, isolated subject on plain light background"
prop-meadow-2,model_bfl-flux-2-pro-editing,,2026-07-20T23:10:16.380Z,"professional game asset, classic 2000s racing game broadcast aesthetic, deep navy and gold palette, row of hay bales, viewed from high angle 60 degrees, game map object, consistent overcast daylight, isolated subject on plain light background"
prop-meadow-1,model_bfl-flux-2-pro-editing,,2026-07-20T23:10:16.514Z,"professional game asset, classic 2000s racing game broadcast aesthetic, deep navy and gold palette, large oak tree, viewed from high angle 60 degrees, game map object, consistent overcast daylight, isolated subject on plain light background"
prop-meadow-4,model_bfl-flux-2-pro-editing,,2026-07-20T23:10:17.066Z,"professional game asset, classic 2000s racing game broadcast aesthetic, deep navy and gold palette, white fence segment, viewed from high angle 60 degrees, game map object, consistent overcast daylight, isolated subject on plain light background"
prop-meadow-3,model_bfl-flux-2-pro-editing,,2026-07-20T23:10:17.212Z,"professional game asset, classic 2000s racing game broadcast aesthetic, deep navy and gold palette, small wooden spectator stand, viewed from high angle 60 degrees, game map object, consistent overcast daylight, isolated subject on plain light background"
prop-forest-mountain-1,model_bfl-flux-2-pro-editing,,2026-07-20T23:10:34.125Z,"professional game asset, classic 2000s racing game broadcast aesthetic, deep navy and gold palette, tall pine tree, viewed from high angle 60 degrees, game map object, consistent overcast daylight, isolated subject on plain light background"
prop-meadow-5,model_bfl-flux-2-pro-editing,,2026-07-20T23:10:36.680Z,"professional game asset, classic 2000s racing game broadcast aesthetic, deep navy and gold palette, red-roofed farm shed, viewed from high angle 60 degrees, game map object, consistent overcast daylight, isolated subject on plain light background"
prop-meadow-6,model_bfl-flux-2-pro-editing,,2026-07-20T23:10:36.997Z,"professional game asset, classic 2000s racing game broadcast aesthetic, deep navy and gold palette, cluster of bushes, viewed from high angle 60 degrees, game map object, consistent overcast daylight, isolated subject on plain light background"
prop-forest-mountain-2,model_bfl-flux-2-pro-editing,,2026-07-20T23:10:37.000Z,"professional game asset, classic 2000s racing game broadcast aesthetic, deep navy and gold palette, granite boulder, viewed from high angle 60 degrees, game map object, consistent overcast daylight, isolated subject on plain light background"
prop-forest-mountain-3,model_bfl-flux-2-pro-editing,,2026-07-20T23:10:51.777Z,"professional game asset, classic 2000s racing game broadcast aesthetic, deep navy and gold palette, alpine wooden chalet, viewed from high angle 60 degrees, game map object, consistent overcast daylight, isolated subject on plain light background"
prop-forest-mountain-5,model_bfl-flux-2-pro-editing,,2026-07-20T23:10:53.516Z,"professional game asset, classic 2000s racing game broadcast aesthetic, deep navy and gold palette, wooden safety barrier, viewed from high angle 60 degrees, game map object, consistent overcast daylight, isolated subject on plain light background"
prop-forest-mountain-4,model_bfl-flux-2-pro-editing,,2026-07-20T23:10:57.174Z,"professional game asset, classic 2000s racing game broadcast aesthetic, deep navy and gold palette, rocky cliff outcrop, viewed from high angle 60 degrees, game map object, consistent overcast daylight, isolated subject on plain light background"
prop-forest-mountain-6,model_bfl-flux-2-pro-editing,,2026-07-20T23:10:57.511Z,"professional game asset, classic 2000s racing game broadcast aesthetic, deep navy and gold palette, mountain spruce cluster, viewed from high angle 60 degrees, game map object, consistent overcast daylight, isolated subject on plain light background"
prop-speedway-1,model_bfl-flux-2-pro-editing,,2026-07-20T23:11:11.983Z,"professional game asset, classic 2000s racing game broadcast aesthetic, deep navy and gold palette, tall floodlight tower, viewed from high angle 60 degrees, game map object, consistent overcast daylight, isolated subject on plain light background"
prop-speedway-2,model_bfl-flux-2-pro-editing,,2026-07-20T23:11:12.653Z,"professional game asset, classic 2000s racing game broadcast aesthetic, deep navy and gold palette, large grandstand section, viewed from high angle 60 degrees, game map object, consistent overcast daylight, isolated subject on plain light background"
prop-speedway-4,model_bfl-flux-2-pro-editing,,2026-07-20T23:11:16.774Z,"professional game asset, classic 2000s racing game broadcast aesthetic, deep navy and gold palette, infield care center building, viewed from high angle 60 degrees, game map object, consistent overcast daylight, isolated subject on plain light background"
prop-speedway-3,model_bfl-flux-2-pro-editing,,2026-07-20T23:11:17.254Z,"professional game asset, classic 2000s racing game broadcast aesthetic, deep navy and gold palette, concrete wall segment with fence, viewed from high angle 60 degrees, game map object, consistent overcast daylight, isolated subject on plain light background"
prop-speedway-5,model_bfl-flux-2-pro-editing,,2026-07-20T23:11:31.789Z,"professional game asset, classic 2000s racing game broadcast aesthetic, deep navy and gold palette, row of parked service trucks, viewed from high angle 60 degrees, game map object, consistent overcast daylight, isolated subject on plain light background"
prop-city-2,model_bfl-flux-2-pro-editing,,2026-07-20T23:11:32.024Z,"professional game asset, classic 2000s racing game broadcast aesthetic, deep navy and gold palette, city apartment block, viewed from high angle 60 degrees, game map object, consistent overcast daylight, isolated subject on plain light background"
prop-speedway-6,model_bfl-flux-2-pro-editing,,2026-07-20T23:11:32.462Z,"professional game asset, classic 2000s racing game broadcast aesthetic, deep navy and gold palette, giant scoreboard tower seen from afar, viewed from high angle 60 degrees, game map object, consistent overcast daylight, isolated subject on plain light background"
prop-city-1,model_bfl-flux-2-pro-editing,,2026-07-20T23:11:35.639Z,"professional game asset, classic 2000s racing game broadcast aesthetic, deep navy and gold palette, modern glass office tower, viewed from high angle 60 degrees, game map object, consistent overcast daylight, isolated subject on plain light background"
prop-city-3,model_bfl-flux-2-pro-editing,,2026-07-20T23:11:48.865Z,"professional game asset, classic 2000s racing game broadcast aesthetic, deep navy and gold palette, street lamp pair, viewed from high angle 60 degrees, game map object, consistent overcast daylight, isolated subject on plain light background"
prop-city-5,model_bfl-flux-2-pro-editing,,2026-07-20T23:11:51.475Z,"professional game asset, classic 2000s racing game broadcast aesthetic, deep navy and gold palette, pedestrian bridge segment, viewed from high angle 60 degrees, game map object, consistent overcast daylight, isolated subject on plain light background"
prop-city-4,model_bfl-flux-2-pro-editing,,2026-07-20T23:11:51.596Z,"professional game asset, classic 2000s racing game broadcast aesthetic, deep navy and gold palette, concrete barrier with mesh fence, viewed from high angle 60 degrees, game map object, consistent overcast daylight, isolated subject on plain light background"
prop-city-6,model_bfl-flux-2-pro-editing,,2026-07-20T23:11:55.071Z,"professional game asset, classic 2000s racing game broadcast aesthetic, deep navy and gold palette, row of street trees in planters, viewed from high angle 60 degrees, game map object, consistent overcast daylight, isolated subject on plain light background"
prop-classic-gp-1,model_bfl-flux-2-pro-editing,,2026-07-20T23:12:07.926Z,"professional game asset, classic 2000s racing game broadcast aesthetic, deep navy and gold palette, pit building with terrace, viewed from high angle 60 degrees, game map object, consistent overcast daylight, isolated subject on plain light background"
prop-classic-gp-2,model_bfl-flux-2-pro-editing,,2026-07-20T23:12:08.064Z,"professional game asset, classic 2000s racing game broadcast aesthetic, deep navy and gold palette, covered main grandstand, viewed from high angle 60 degrees, game map object, consistent overcast daylight, isolated subject on plain light background"
prop-classic-gp-3,model_bfl-flux-2-pro-editing,,2026-07-20T23:12:10.144Z,"professional game asset, classic 2000s racing game broadcast aesthetic, deep navy and gold palette, marshal post hut, viewed from high angle 60 degrees, game map object, consistent overcast daylight, isolated subject on plain light background"
prop-classic-gp-4,model_bfl-flux-2-pro-editing,,2026-07-20T23:12:14.283Z,"professional game asset, classic 2000s racing game broadcast aesthetic, deep navy and gold palette, stack of race tires painted white and red, viewed from high angle 60 degrees, game map object, consistent overcast daylight, isolated subject on plain light background"
prop-classic-gp-5,model_bfl-flux-2-pro-editing,,2026-07-20T23:12:28.194Z,"professional game asset, classic 2000s racing game broadcast aesthetic, deep navy and gold palette, gravel trap patch, viewed from high angle 60 degrees, game map object, consistent overcast daylight, isolated subject on plain light background"
prop-dirt-1,model_bfl-flux-2-pro-editing,,2026-07-20T23:12:28.883Z,"professional game asset, classic 2000s racing game broadcast aesthetic, deep navy and gold palette, weathered water tower, viewed from high angle 60 degrees, game map object, consistent overcast daylight, isolated subject on plain light background"
prop-classic-gp-6,model_bfl-flux-2-pro-editing,,2026-07-20T23:12:31.930Z,"professional game asset, classic 2000s racing game broadcast aesthetic, deep navy and gold palette, trimmed hedge row, viewed from high angle 60 degrees, game map object, consistent overcast daylight, isolated subject on plain light background"
prop-dirt-2,model_bfl-flux-2-pro-editing,,2026-07-20T23:12:34.070Z,"professional game asset, classic 2000s racing game broadcast aesthetic, deep navy and gold palette, rusty corrugated shed, viewed from high angle 60 degrees, game map object, consistent overcast daylight, isolated subject on plain light background"
prop-dirt-3,model_bfl-flux-2-pro-editing,,2026-07-20T23:12:49.118Z,"professional game asset, classic 2000s racing game broadcast aesthetic, deep navy and gold palette, dead tree, viewed from high angle 60 degrees, game map object, consistent overcast daylight, isolated subject on plain light background"
prop-dirt-4,model_bfl-flux-2-pro-editing,,2026-07-20T23:12:50.033Z,"professional game asset, classic 2000s racing game broadcast aesthetic, deep navy and gold palette, pile of old tires, viewed from high angle 60 degrees, game map object, consistent overcast daylight, isolated subject on plain light background"
prop-dirt-5,model_bfl-flux-2-pro-editing,,2026-07-20T23:12:51.762Z,"professional game asset, classic 2000s racing game broadcast aesthetic, deep navy and gold palette, wooden spectator berm, viewed from high angle 60 degrees, game map object, consistent overcast daylight, isolated subject on plain light background"
prop-dirt-6,model_bfl-flux-2-pro-editing,,2026-07-20T23:12:54.744Z,"professional game asset, classic 2000s racing game broadcast aesthetic, deep navy and gold palette, dusty service truck, viewed from high angle 60 degrees, game map object, consistent overcast daylight, isolated subject on plain light background"
prop-shared-1,model_bfl-flux-2-pro-editing,,2026-07-20T23:13:09.088Z,"professional game asset, classic 2000s racing game broadcast aesthetic, deep navy and gold palette, race control tower with checkered pattern, viewed from high angle 60 degrees, game map object, consistent overcast daylight, isolated subject on plain light background"
prop-shared-3,model_bfl-flux-2-pro-editing,,2026-07-20T23:13:09.249Z,"professional game asset, classic 2000s racing game broadcast aesthetic, deep navy and gold palette, pit crew equipment cart, viewed from high angle 60 degrees, game map object, consistent overcast daylight, isolated subject on plain light background"
prop-shared-2,model_bfl-flux-2-pro-editing,,2026-07-20T23:13:10.509Z,"professional game asset, classic 2000s racing game broadcast aesthetic, deep navy and gold palette, start-finish overhead gantry, viewed from high angle 60 degrees, game map object, consistent overcast daylight, isolated subject on plain light background"
prop-shared-4,model_bfl-flux-2-pro-editing,,2026-07-20T23:13:14.409Z,"professional game asset, classic 2000s racing game broadcast aesthetic, deep navy and gold palette, tire wall barrier white and blue, viewed from high angle 60 degrees, game map object, consistent overcast daylight, isolated subject on plain light background"
prop-shared-8,model_bfl-flux-2-pro-editing,,2026-07-20T23:13:29.556Z,"professional game asset, classic 2000s racing game broadcast aesthetic, deep navy and gold palette, paddock tent, viewed from high angle 60 degrees, game map object, consistent overcast daylight, isolated subject on plain light background"
prop-shared-6,model_bfl-flux-2-pro-editing,,2026-07-20T23:13:29.619Z,"professional game asset, classic 2000s racing game broadcast aesthetic, deep navy and gold palette, television broadcast camera crane, viewed from high angle 60 degrees, game map object, consistent overcast daylight, isolated subject on plain light background"
prop-shared-5,model_bfl-flux-2-pro-editing,,2026-07-20T23:13:30.724Z,"professional game asset, classic 2000s racing game broadcast aesthetic, deep navy and gold palette, safety car parked, viewed from high angle 60 degrees, game map object, consistent overcast daylight, isolated subject on plain light background"
prop-shared-7,model_bfl-flux-2-pro-editing,,2026-07-20T23:13:30.976Z,"professional game asset, classic 2000s racing game broadcast aesthetic, deep navy and gold palette, podium structure with three steps, viewed from high angle 60 degrees, game map object, consistent overcast daylight, isolated subject on plain light background"
